Diode,Best Distribution,p-value,Mean,Standard Deviation,Distribution Parameters,Product,Standard Deviation Product,Relative Error (%)
IN4007,norm,0.149504158109802,21.3409477323773,0.26730450421665103,"21.3409, 0.2673",11642.450335903206,435.0192050376926,0.32687454585322634
IN60P,norm,0.8650161501242511,29.43234377550812,0.441929292177909,"29.4323, 0.4419",12705.011233217567,658.6340143033092,9.483315910558172
6A10,norm,0.2457806362934577,20.174479818717906,0.29880458401839927,"20.1745, 0.2988",11801.96484696267,443.33669020693577,1.701464247984382
ZY160,norm,0.4926519576234585,27.82300531023174,0.4502382490954717,"27.8230, 0.4502",12188.674838167186,1034.1479110416121,5.033873118440056
PR1007,norm,0.7585360215439696,20.950379463339058,0.30401737613214325,"20.9504, 0.3040",12156.34869166302,401.99210938869317,4.755307940895526
